Index,Commit Hash,Date,Time,Additions,Deletions,Net Change,Cumulative Add,Cumulative Del,Cumulative Net,Total Lines,Growth Rate (%),Moving Avg
1,c78f1087,2026-04-27,22:33:21,1531,0,1531,1531,0,1531,1531,0,1531.0
2,6cfb64c3,2026-04-28,21:25:38,61,130,-69,1592,130,1462,1722,-4.51,731.0
3,d6685913,2026-04-29,21:57:01,96,1,95,1688,131,1557,1819,1.7,519.0
4,ba84b967,2026-04-30,22:31:15,281,202,79,1969,333,1636,2302,6.86,409.0
5,c8a147fa,2026-05-02,23:04:17,40,136,-96,2009,469,1540,2478,0.59,308.0
6,faa031b1,2026-05-03,13:37:04,240,176,64,2249,645,1604,2894,4.77,14.6
7,c66f14a3,2026-05-05,17:39:54,513,263,250,2762,908,1854,3670,21.1,78.4
8,8d31ef1c,2026-05-05,19:26:05,197,81,116,2959,989,1970,3948,28.67,82.6
9,e95bbb56,2026-05-05,19:30:23,58,100,-42,3017,1089,1928,4106,25.93,58.4
10,4a17822c,2026-05-05,20:10:03,34,41,-7,3051,1130,1921,4181,25.47,76.2
11,79e8ce4f,2026-05-09,23:42:15,125,57,68,3176,1187,1989,4363,29.92,77.0
12,40881731,2026-05-17,01:26:07,616,499,117,3792,1686,2106,5478,37.56,50.4
13,5efe2851,2026-05-17,23:50:05,1031,256,775,4823,1942,2881,6765,88.18,182.2
14,e25e9f69,2026-05-23,23:22:00,1515,843,672,6338,2785,3553,9123,132.07,325.0
15,1ffce93c,2026-05-24,17:06:46,815,173,642,7153,2958,4195,10111,174.0,454.8
16,90c6fdb5,2026-05-27,22:36:16,388,143,245,7541,3101,4440,10642,190.01,490.2
17,6d9cae90,2026-05-30,20:34:20,1492,448,1044,9033,3549,5484,12582,258.2,675.6
18,1b43d11d,2026-05-31,21:13:02,2059,1159,900,11092,4708,6384,15800,316.98,700.6
19,855d68ce,2026-06-06,19:50:48,2045,1103,942,13137,5811,7326,18948,378.51,754.6
20,67ce595f,2026-06-06,21:52:40,177,95,82,13314,5906,7408,19220,383.87,642.6
21,3f688617,2026-06-07,19:47:03,2276,399,1877,15590,6305,9285,21895,506.47,969.0
22,ec2ee7e0,2026-06-13,11:30:03,507,57,450,16097,6362,9735,22459,535.86,850.2
23,19c45cd9,2026-06-13,23:11:54,622,86,536,16719,6448,10271,23167,570.87,777.4
24,ec542430,2026-06-14,20:06:27,867,363,504,17586,6811,10775,24397,603.79,689.8
25,f6077825,2026-06-15,21:48:48,683,15,668,18269,6826,11443,25095,647.42,807.0
26,d5b6edc1,2026-06-15,22:33:24,286,5,281,18555,6831,11724,25386,665.77,487.8
27,fe817645,2026-06-15,22:35:48,22,1,21,18577,6832,11745,25409,667.15,402.0
28,41e19c37,2026-06-20,02:20:26,1225,778,447,19802,7610,12192,27412,696.34,384.2
29,09b94302,2026-06-20,02:25:49,2,15,-13,19804,7625,12179,27429,695.49,280.8
30,fd114adf,2026-06-20,12:29:21,0,10018,-10018,19804,17643,2161,37447,41.15,-1856.4
31,2f3f2cb2,2026-06-20,12:29:43,420,2,418,20224,17645,2579,37869,68.45,-1829.0
32,7b4d0e13,2026-06-20,12:29:56,2834,2,2832,23058,17647,5411,40705,253.43,-1266.8
33,e9ddcc21,2026-06-20,12:30:10,2358,1813,545,25416,19460,5956,44876,289.03,-1247.2
34,35bfaaaa,2026-06-20,12:31:10,1,0,1,25417,19460,5957,44877,289.09,-1244.4
35,d4c7aac6,2026-06-20,12:36:06,42,41,1,25459,19501,5958,44960,289.16,759.4
36,4a2ff172,2026-06-20,12:37:24,13,13,0,25472,19514,5958,44986,289.16,675.8
37,960e549c,2026-06-20,12:38:50,2,14,-12,25474,19528,5946,45002,288.37,107.0
38,7bb28253,2026-06-20,14:23:02,251,23,228,25725,19551,6174,45276,303.27,43.6
39,20c881b2,2026-06-20,14:23:16,235,96,139,25960,19647,6313,45607,312.34,71.2
40,25a8b91e,2026-06-20,14:31:51,1,1,0,25961,19648,6313,45609,312.34,71.0
41,d16eb2ab,2026-06-20,16:11:14,89,9,80,26050,19657,6393,45707,317.57,87.0
42,df700564,2026-06-20,16:16:59,8,2,6,26058,19659,6399,45717,317.96,90.6
43,aebd552e,2026-06-20,18:34:04,294,96,198,26352,19755,6597,46107,330.89,84.6
44,f1384f82,2026-06-20,18:34:12,182,142,40,26534,19897,6637,46431,333.51,64.8
45,ad1f5487,2026-06-20,18:34:19,84,33,51,26618,19930,6688,46548,336.84,75.0
46,95d62a0f,2026-06-20,20:46:12,38,24,14,26656,19954,6702,46610,337.75,61.8
47,74d86ec5,2026-06-20,20:46:46,708,17,691,27364,19971,7393,47335,382.89,198.8
48,44f28bf7,2026-06-21,08:07:20,30,19,11,27394,19990,7404,47384,383.61,161.4
49,700b16e4,2026-06-21,08:07:33,75,73,2,27469,20063,7406,47532,383.74,153.8
50,49fde8d0,2026-06-21,08:07:44,38,38,0,27507,20101,7406,47608,383.74,143.6
51,0d14fc36,2026-06-21,08:33:10,0,27,-27,27507,20128,7379,47635,381.97,135.4
52,e27c2302,2026-06-21,08:57:50,11,0,11,27518,20128,7390,47646,382.69,-0.6
53,c118c42f,2026-06-21,11:23:43,596,113,483,28114,20241,7873,48355,414.24,93.8
54,64f6dcaf,2026-06-21,15:58:43,761,1355,-594,28875,21596,7279,50471,375.44,-25.4
55,7f9466d8,2026-06-22,13:01:30,1759,179,1580,30634,21775,8859,52409,478.64,290.6
56,895fa7eb,2026-06-22,13:03:59,173,38,135,30807,21813,8994,52620,487.46,323.0
57,f703bdde,2026-06-22,13:05:42,18,37,-19,30825,21850,8975,52675,486.22,317.0
58,2263fd92,2026-06-22,13:10:06,15,18,-3,30840,21868,8972,52708,486.02,219.8
59,1b9f5a18,2026-06-22,13:12:02,4,1,3,30844,21869,8975,52713,486.22,339.2
60,6fc29abc,2026-06-22,13:24:58,169,1160,-991,31013,23029,7984,54042,421.49,-175.0
61,df2c68d3,2026-06-22,13:27:48,9,0,9,31022,23029,7993,54051,422.08,-200.2
62,8e051d8e,2026-06-22,13:29:46,8,14,-6,31030,23043,7987,54073,421.69,-197.6
63,e606d0c0,2026-06-22,13:30:05,3,1,2,31033,23044,7989,54077,421.82,-196.6
64,f1bc9add,2026-06-22,16:14:03,611,519,92,31644,23563,8081,55207,427.82,-178.8
65,405f061a,2026-06-22,16:14:13,1093,291,802,32737,23854,8883,56591,480.21,179.8
66,2c844370,2026-06-22,16:33:18,10,10,0,32747,23864,8883,56611,480.21,178.0
67,84b9ee68,2026-06-22,16:48:22,103,126,-23,32850,23990,8860,56840,478.71,174.6
68,fa35ec6a,2026-06-22,17:11:43,79,8,71,32929,23998,8931,56927,483.34,188.4
69,28c93c0e,2026-06-22,17:12:11,1,1,0,32930,23999,8931,56929,483.34,170.0
70,3d2b4611,2026-06-22,17:15:32,26,12,14,32956,24011,8945,56967,484.26,12.4
71,57fd22d4,2026-06-22,17:24:33,7,7,0,32963,24018,8945,56981,484.26,12.4
72,3e22eafe,2026-06-22,19:45:24,555,39,516,33518,24057,9461,57575,517.96,120.2
73,8e6ac75d,2026-06-22,20:11:49,25,129,-104,33543,24186,9357,57729,511.17,85.2
74,35e0368e,2026-06-22,20:13:33,27,16,11,33570,24202,9368,57772,511.89,87.4
75,8d89400d,2026-06-22,20:13:46,3,4,-1,33573,24206,9367,57779,511.82,84.4
76,5bdb3f8f,2026-06-22,23:12:10,243,156,87,33816,24362,9454,58178,517.5,101.8
77,345416c9,2026-06-23,08:50:48,49,25,24,33865,24387,9478,58252,519.07,3.4
78,df8a15a0,2026-06-23,08:51:02,74,15,59,33939,24402,9537,58341,522.93,36.0
79,c6fb94b3,2026-06-23,08:51:23,123,40,83,34062,24442,9620,58504,528.35,50.4
80,cbe30c8c,2026-06-23,16:10:26,826,353,473,34888,24795,10093,59683,559.24,145.2
81,024051bd,2026-06-24,07:46:24,343,3,340,35231,24798,10433,60029,581.45,195.8
82,5e9fbfcc,2026-06-24,07:47:33,38,4,34,35269,24802,10467,60071,583.67,197.8
83,445b7819,2026-06-24,13:32:47,201,37,164,35470,24839,10631,60309,594.38,218.8
84,a4b26b0a,2026-06-24,19:29:26,426,76,350,35896,24915,10981,60811,617.24,272.2
85,bea28c98,2026-06-24,22:46:07,533,501,32,36429,25416,11013,61845,619.33,184.0
86,50102b7c,2026-06-24,22:46:19,80,0,80,36509,25416,11093,61925,624.56,132.0
87,906b4415,2026-06-25,00:10:13,132,16,116,36641,25432,11209,62073,632.14,148.4
88,6d4f541e,2026-06-25,21:07:08,395,107,288,37036,25539,11497,62575,650.95,173.2
89,846aad27,2026-06-25,21:21:19,13,14,-1,37049,25553,11496,62602,650.88,103.0
90,30e360c7,2026-06-25,21:41:44,107,24,83,37156,25577,11579,62733,656.3,113.2
91,be7f6da7,2026-06-25,23:38:44,180,74,106,37336,25651,11685,62987,663.23,118.4
92,d0d04b44,2026-06-26,01:17:02,147,24,123,37483,25675,11808,63158,671.26,119.8
93,110b2978,2026-06-26,01:19:30,9,242,-233,37492,25917,11575,63409,656.04,15.6
94,bfb3416a,2026-06-26,01:50:36,90,8,82,37582,25925,11657,63507,661.4,32.2
95,46a92ef1,2026-06-26,02:41:39,112,61,51,37694,25986,11708,63680,664.73,25.8
96,17110de1,2026-06-26,02:47:59,48,17,31,37742,26003,11739,63745,666.75,10.8
97,94e3d29b,2026-06-26,03:04:18,10,10,0,37752,26013,11739,63765,666.75,-13.8
98,05c4256d,2026-06-26,12:04:47,552,383,169,38304,26396,11908,64700,677.79,66.6
99,ec342183,2026-06-26,16:03:24,93,103,-10,38397,26499,11898,64896,677.14,48.2
100,7db10b0d,2026-06-26,16:05:16,186,57,129,38583,26556,12027,65139,685.56,63.8
101,1a372b5c,2026-06-26,16:05:27,36,41,-5,38619,26597,12022,65216,685.24,56.6
102,485bdd0a,2026-06-26,16:16:06,1995,1555,440,40614,28152,12462,68766,713.98,144.6
103,f2fed412,2026-06-26,17:27:25,115,78,37,40729,28230,12499,68959,716.39,118.2
104,48e4f3bf,2026-06-26,17:43:15,26,23,3,40755,28253,12502,69008,716.59,120.8
105,b67fd871,2026-06-26,19:08:42,154,107,47,40909,28360,12549,69269,719.66,104.4
106,40a82a07,2026-06-26,19:08:48,100,2,98,41009,28362,12647,69371,726.06,125.0
107,3890ae4a,2026-06-26,19:08:55,55,52,3,41064,28414,12650,69478,726.26,37.6
108,d09c277d,2026-06-26,19:09:08,146,77,69,41210,28491,12719,69701,730.76,44.0
109,a73e788b,2026-06-26,19:09:32,0,0,0,41210,28491,12719,69701,730.76,43.4
110,825426b4,2026-06-27,18:54:25,764,67,697,41974,28558,13416,70532,776.29,173.4
111,8e023a81,2026-06-27,18:54:48,376,61,315,42350,28619,13731,70969,796.86,216.8
112,24484d47,2026-06-28,12:48:08,351,13,338,42701,28632,14069,71333,818.94,283.8
113,3f5e7270,2026-06-28,12:48:25,510,157,353,43211,28789,14422,72000,842.0,340.6
114,8a6c524d,2026-06-28,12:48:36,63,12,51,43274,28801,14473,72075,845.33,350.8
115,57333c13,2026-06-28,12:50:05,5569,716,4853,48843,29517,19326,78360,1162.31,1182.0
116,89627761,2026-06-28,15:19:17,248,28,220,49091,29545,19546,78636,1176.68,1163.0
117,0c3e8e98,2026-06-28,15:19:49,33,706,-673,49124,30251,18873,79375,1132.72,960.8
118,72897bac,2026-06-28,15:38:08,9,9,0,49133,30260,18873,79393,1132.72,890.2
119,4f6941f9,2026-06-28,15:47:50,1,1,0,49134,30261,18873,79395,1132.72,880.0
120,364e4d3b,2026-06-28,15:56:47,48,1,47,49182,30262,18920,79444,1135.79,-81.2
121,434e43d9,2026-06-28,16:03:11,22,23,-1,49204,30285,18919,79489,1135.73,-125.4
122,f1ddd930,2026-06-28,16:19:43,46,15,31,49250,30300,18950,79550,1137.75,15.4
123,b1ba6216,2026-06-28,17:11:40,8,3,5,49258,30303,18955,79561,1138.08,16.4
124,8b05e6cc,2026-06-28,17:21:34,19,11,8,49277,30314,18963,79591,1138.6,18.0
125,8ea0fee9,2026-06-28,17:25:29,3,3,0,49280,30317,18963,79597,1138.6,8.6
126,9e147ebc,2026-06-29,00:14:50,317,159,158,49597,30476,19121,80073,1148.92,40.4
127,cb34780d,2026-06-29,18:17:14,1288,415,873,50885,30891,19994,81776,1205.94,208.8
128,7f4e27dd,2026-06-30,00:31:57,4,19,-15,50889,30910,19979,81799,1204.96,204.8
129,1132a895,2026-06-30,00:32:06,120,84,36,51009,30994,20015,82003,1207.32,210.4
130,4a884158,2026-06-30,00:32:23,795,377,418,51804,31371,20433,83175,1234.62,294.0
131,2576637e,2026-06-30,01:19:01,123,100,23,51927,31471,20456,83398,1236.12,267.0
132,04ec1038,2026-06-30,01:19:11,341,183,158,52268,31654,20614,83922,1246.44,124.0
133,e509d84d,2026-06-30,02:31:25,13,1,12,52281,31655,20626,83936,1247.22,129.4
134,b62da4aa,2026-06-30,02:31:36,410,79,331,52691,31734,20957,84425,1268.84,188.4
135,e860c7a7,2026-06-30,10:11:39,117,57,60,52808,31791,21017,84599,1272.76,116.8
136,5af31561,2026-06-30,10:11:44,12,12,0,52820,31803,21017,84623,1272.76,112.2
137,2452546f,2026-06-30,10:12:05,408,496,-88,53228,32299,20929,85527,1267.02,63.0
138,f34dcf47,2026-06-30,18:25:34,255,19,236,53483,32318,21165,85801,1282.43,107.8
139,d513d10d,2026-06-30,18:26:02,172,70,102,53655,32388,21267,86043,1289.09,62.0
140,dd3fbb4b,2026-06-30,18:26:43,177,29,148,53832,32417,21415,86249,1298.76,79.6
141,390204f2,2026-06-30,20:11:47,133,9,124,53965,32426,21539,86391,1306.86,104.4
142,f5716e26,2026-06-30,20:11:59,259,0,259,54224,32426,21798,86650,1323.78,173.8
143,c4b079dc,2026-06-30,21:08:31,170,32,138,54394,32458,21936,86852,1332.79,154.2
144,ab0d0a55,2026-06-30,21:32:14,32,43,-11,54426,32501,21925,86927,1332.07,131.6
145,44935a34,2026-06-30,21:43:51,163,21,142,54589,32522,22067,87111,1341.35,130.4
146,f443cacb,2026-06-30,21:52:23,101,68,33,54690,32590,22100,87280,1343.5,112.2
147,0a508115,2026-06-30,22:08:23,124,36,88,54814,32626,22188,87440,1349.25,78.0
148,5af8cba9,2026-06-30,22:08:35,491,22,469,55305,32648,22657,87953,1379.88,144.2
149,c6f80e6e,2026-07-01,09:04:21,7,10,-3,55312,32658,22654,87970,1379.69,145.8
150,f8c2dac5,2026-07-01,09:04:35,132,31,101,55444,32689,22755,88133,1386.28,137.6
151,eef35593,2026-07-01,09:12:39,103,35,68,55547,32724,22823,88271,1390.73,144.6
152,f6f00d34,2026-07-01,09:12:50,70,5,65,55617,32729,22888,88346,1394.97,140.0
153,de5e5495,2026-07-01,15:55:32,5651,781,4870,61268,33510,27758,94778,1713.06,1020.2
154,fcfc74f3,2026-07-04,21:11:17,4458,5178,-720,65726,38688,27038,104414,1666.04,876.8
155,3504028d,2026-07-05,12:03:24,207,415,-208,65933,39103,26830,105036,1652.45,815.0
156,0a6b7de2,2026-07-05,12:03:33,291,341,-50,66224,39444,26780,105668,1649.18,791.4
157,868f095d,2026-07-05,12:43:41,223,66,157,66447,39510,26937,105957,1659.44,809.8
158,aa992907,2026-07-05,12:43:46,871,436,435,67318,39946,27372,107264,1687.85,-77.2
159,4f194b27,2026-07-05,12:55:55,83,8,75,67401,39954,27447,107355,1692.75,81.8
160,690b96dd,2026-07-05,13:25:27,87,77,10,67488,40031,27457,107519,1693.4,125.4
161,d084fc7b,2026-07-05,13:29:33,34,42,-8,67522,40073,27449,107595,1692.88,133.8
162,4f199a85,2026-07-05,13:35:59,7,43,-36,67529,40116,27413,107645,1690.53,95.2
163,a46bb2ff,2026-07-05,14:14:21,21,2,19,67550,40118,27432,107668,1691.77,12.0
164,628f1fdd,2026-07-06,14:28:56,10367,9088,1279,77917,49206,28711,127123,1775.31,252.8
165,202c33a8,2026-07-06,17:04:37,15,8,7,77932,49214,28718,127146,1775.77,252.2
166,a2806613,2026-07-06,17:04:58,251,29,222,78183,49243,28940,127426,1790.27,298.2
167,5cb9f4a5,2026-07-06,17:05:11,45,2,43,78228,49245,28983,127473,1793.08,314.0
168,98fd377a,2026-07-06,17:36:53,187,64,123,78415,49309,29106,127724,1801.11,334.8
169,ac297d4e,2026-07-06,19:09:52,71,9,62,78486,49318,29168,127804,1805.16,91.4
170,6fce6c58,2026-07-06,19:16:35,55,69,-14,78541,49387,29154,127928,1804.25,87.2
171,6dc29a04,2026-07-06,19:19:11,9,0,9,78550,49387,29163,127937,1804.83,44.6
172,e041d8c8,2026-07-06,19:45:13,42,44,-2,78592,49431,29161,128023,1804.7,35.6
173,bf954b49,2026-07-06,20:22:33,112,54,58,78704,49485,29219,128189,1808.49,22.6
174,7dcbca24,2026-07-06,20:37:54,172,15,157,78876,49500,29376,128376,1818.75,41.6
175,530ab900,2026-07-06,20:49:43,47,40,7,78923,49540,29383,128463,1819.2,45.8
176,1ff8d05f,2026-07-06,20:52:59,1,1,0,78924,49541,29383,128465,1819.2,44.0
177,a1676888,2026-07-06,21:18:37,168,185,-17,79092,49726,29366,128818,1818.09,41.0
178,c1d9b5db,2026-07-06,21:35:43,33,26,7,79125,49752,29373,128877,1818.55,30.8
179,b5e8c338,2026-07-07,12:13:26,63,20,43,79188,49772,29416,128960,1821.36,8.0
180,02395075,2026-07-07,12:39:27,28,5,23,79216,49777,29439,128993,1822.86,11.2
181,9e81dd13,2026-07-07,12:41:27,3,3,0,79219,49780,29439,128999,1822.86,11.2
182,66000dec,2026-07-07,14:28:09,55,32,23,79274,49812,29462,129086,1824.36,19.2
183,85e5a924,2026-07-07,14:29:09,29,33,-4,79303,49845,29458,129148,1824.1,17.0
184,2af1598c,2026-07-07,14:35:25,3,4,-1,79306,49849,29457,129155,1824.04,8.2
185,e2cf30eb,2026-07-07,14:35:32,9,8,1,79315,49857,29458,129172,1824.1,3.8
186,1deacad5,2026-07-07,16:22:38,35,12,23,79350,49869,29481,129219,1825.6,8.4
187,fee575e7,2026-07-07,16:25:46,13,11,2,79363,49880,29483,129243,1825.73,4.2
188,bbe55e00,2026-07-07,17:01:19,191,138,53,79554,50018,29536,129572,1829.2,15.6
189,391c20e1,2026-07-07,17:01:23,24,18,6,79578,50036,29542,129614,1829.59,17.0
190,c5430f5a,2026-07-08,10:58:34,316,74,242,79894,50110,29784,130004,1845.4,65.2
191,58bb1a2a,2026-07-08,11:12:53,33,76,-43,79927,50186,29741,130113,1842.59,52.0
192,34a9b53b,2026-07-08,11:30:12,35,17,18,79962,50203,29759,130165,1843.76,55.2
193,dffe61bb,2026-07-08,12:44:23,484,345,139,80446,50548,29898,130994,1852.84,72.4
194,fad9b8be,2026-07-08,13:08:21,11,17,-6,80457,50565,29892,131022,1852.45,70.0
195,0efee718,2026-07-08,15:35:39,9819,9785,34,90276,60350,29926,150626,1854.67,28.4
196,0ea07c0b,2026-07-08,16:29:39,100,61,39,90376,60411,29965,150787,1857.22,44.8
197,db9c7ba2,2026-07-08,17:14:29,54,38,16,90430,60449,29981,150879,1858.26,44.4
198,50a959ad,2026-07-09,00:39:04,541,155,386,90971,60604,30367,151575,1883.47,93.8
199,f038a60b,2026-07-09,11:21:40,18,15,3,90989,60619,30370,151608,1883.67,95.6
200,f0f0bf30,2026-07-09,13:31:50,66,11,55,91055,60630,30425,151685,1887.26,99.8
201,cc8d5ac1,2026-07-09,17:13:16,2099,721,1378,93154,61351,31803,154505,1977.27,367.6
202,db63fab0,2026-07-09,17:45:53,353,378,-25,93507,61729,31778,155236,1975.64,359.4
203,1399fe40,2026-07-09,17:51:50,15,265,-250,93522,61994,31528,155516,1959.31,232.2
204,6e6541f9,2026-07-09,18:11:15,252,224,28,93774,62218,31556,155992,1961.14,237.2
205,dcf0a8f2,2026-07-09,19:48:38,11898,11964,-66,105672,74182,31490,179854,1956.83,213.0
206,064eae26,2026-07-11,10:03:19,1675,83,1592,107347,74265,33082,181612,2060.81,255.8
207,31d7318d,2026-07-11,10:03:28,78,48,30,107425,74313,33112,181738,2062.77,266.8
208,9c23ae10,2026-07-11,10:38:37,65,133,-68,107490,74446,33044,181936,2058.33,303.2
209,dfe873f0,2026-07-11,11:52:59,48,8,40,107538,74454,33084,181992,2060.94,305.6
210,70a3a7cb,2026-07-11,22:25:40,1445,50,1395,108983,74504,34479,183487,2152.06,597.8
211,ea2238fc,2026-07-11,23:23:09,60,4,56,109043,74508,34535,183551,2155.72,290.6
212,3788d5e2,2026-07-11,23:48:27,146,38,108,109189,74546,34643,183735,2162.77,306.2
213,6ec891b8,2026-07-11,23:56:29,58,6,52,109247,74552,34695,183799,2166.17,330.2
214,fbf97176,2026-07-12,11:12:29,191,2,189,109438,74554,34884,183992,2178.51,360.0
215,0f563c08,2026-07-12,12:48:29,672,92,580,110110,74646,35464,184756,2216.39,197.0
216,1609731a,2026-07-12,14:08:25,596,29,567,110706,74675,36031,185381,2253.43,299.2
217,14b68ad6,2026-07-12,14:28:48,90,12,78,110796,74687,36109,185483,2258.52,293.2
218,2463cf1b,2026-07-12,14:52:03,8,7,1,110804,74694,36110,185498,2258.59,283.0
219,b8b51213,2026-07-12,14:57:24,24,5,19,110828,74699,36129,185527,2259.83,249.0
220,14c11607,2026-07-12,15:04:11,72,47,25,110900,74746,36154,185646,2261.46,138.0
221,3176cf94,2026-07-12,15:25:29,27,20,7,110927,74766,36161,185693,2261.92,26.0
222,75c7b7a8,2026-07-12,15:29:34,34,8,26,110961,74774,36187,185735,2263.62,15.6
223,153102f7,2026-07-12,19:11:27,17,52,-35,110978,74826,36152,185804,2261.33,8.4
224,090f8071,2026-07-13,12:02:17,133,372,-239,111111,75198,35913,186309,2245.72,-43.2
225,4dd70504,2026-07-13,12:16:08,46,7,39,111157,75205,35952,186362,2248.27,-40.4
226,9cc021b8,2026-07-13,15:53:14,203,99,104,111360,75304,36056,186664,2255.06,-21.0
227,36f61c57,2026-07-13,16:11:08,7,28,-21,111367,75332,36035,186699,2253.69,-30.4
228,33f0b5b0,2026-07-13,17:59:40,1861,174,1687,113228,75506,37722,188734,2363.88,314.0
229,65d8a21e,2026-07-13,20:25:47,23,5,18,113251,75511,37740,188762,2365.06,365.4
230,298be543,2026-07-13,20:56:57,5,35,-30,113256,75546,37710,188802,2363.1,351.6
231,9c675155,2026-07-13,21:20:24,209,72,137,113465,75618,37847,189083,2372.04,358.2
232,a58eac8f,2026-07-13,21:27:06,141,140,1,113606,75758,37848,189364,2372.11,362.6
233,c6eb45f3,2026-07-13,21:38:20,105,79,26,113711,75837,37874,189548,2373.81,30.4
234,4040fcf0,2026-07-13,21:47:25,105,203,-98,113816,76040,37776,189856,2367.41,7.2
235,d535610a,2026-07-13,22:27:56,349,34,315,114165,76074,38091,190239,2387.98,76.2
236,76474c5a,2026-07-13,22:34:55,29,18,11,114194,76092,38102,190286,2388.7,51.0
237,57d2e10b,2026-07-14,21:17:58,3682,699,2983,117876,76791,41085,194667,2583.54,647.4
238,491632ee,2026-07-15,11:55:45,1861,1418,443,119737,78209,41528,197946,2612.48,730.8
239,302cc549,2026-07-15,12:35:29,277,308,-31,120014,78517,41497,198531,2610.45,744.2
240,dc62f82d,2026-07-15,12:50:03,326,44,282,120340,78561,41779,198901,2628.87,737.6
241,d3a3931e,2026-07-15,22:48:05,2991,1121,1870,123331,79682,43649,203013,2751.01,1109.4
242,15648bb5,2026-07-17,22:26:38,957,433,524,124288,80115,44173,204403,2785.24,617.6
243,ca7b091f,2026-07-17,23:46:38,292,57,235,124580,80172,44408,204752,2800.59,576.0
244,ceec2678,2026-07-18,10:32:56,4,4,0,124584,80176,44408,204760,2800.59,582.2
245,53c746fc,2026-07-18,10:46:53,3,19,-16,124587,80195,44392,204782,2799.54,522.6
246,6daa35d6,2026-07-18,11:20:19,14,6,8,124601,80201,44400,204802,2800.07,150.2
247,a301c894,2026-07-18,12:03:09,31,21,10,124632,80222,44410,204854,2800.72,47.4
248,960c5932,2026-07-18,12:05:50,8,6,2,124640,80228,44412,204868,2800.85,0.8
249,7681d22c,2026-07-18,12:09:28,9,5,4,124649,80233,44416,204882,2801.11,1.6
250,e64beeb2,2026-07-18,12:16:30,21,4,17,124670,80237,44433,204907,2802.22,8.2
251,8a2e2a07,2026-07-18,12:20:26,1,9,-8,124671,80246,44425,204917,2801.7,5.0
252,0aa42491,2026-07-18,12:28:26,3,3,0,124674,80249,44425,204923,2801.7,3.0
253,5fb90d5e,2026-07-20,23:17:35,2248,150,2098,126922,80399,46523,207321,2938.73,422.2
254,44924cb9,2026-07-21,19:33:32,1157,947,210,128079,81346,46733,209425,2952.45,463.4
